features,VIF Factor
log_P(atm),4.465468320195287
log_Fuel(%),1.7429315633980789
log_Oxidizer(%),8.518084158454835
T0/S_H__T,3.9875456129501248
T0/T,1.5800549273039473
