features,VIF Factor
len,13.49772242593173
dia,12.424951973684427
hei,2.156768716070079
w_wei,22.539586338145746
s_wei,7.094911792977766
v_wei,6.254963199489376
sh_wei,4.77422364249133
