features,VIF Factor
log_P(atm),1.317298875287358
log_Fuel(%),2.8872018490203293
log_Oxidizer(%),7.145912759143048
T0/S_H__T,3.365107082242501
T0/T,2.0889416881561287
