features,VIF Factor
log_P(atm),4.210465242703656
log_Fuel(%),1.6892260897036624
log_Oxidizer(%),8.623920572080138
T0/S_H__T,4.357805446333897
T0/T,1.6638851776726948
