features,VIF Factor
log_P(atm),4.2936567921681394
log_Fuel(%),1.92165083746258
log_Oxidizer(%),8.838488628182112
T0/S_H__T,4.372971501999424
T0/T,1.6711201797626232
