,y_predicted,y_actual,Relative Error
0,6.188466845420302,6.061456918928017,0.020953696147814383
1,7.3488965139428934,7.074116816197362,0.038842968653892966
2,6.373834491941011,6.484635235635252,0.017086657871726276
3,6.165353150900137,5.855071922202427,0.05299358109011851
4,4.521836232374199,4.430816798843313,0.020542359944705255
5,5.767508768483677,5.327876168789581,0.0825155438614434
