features,VIF Factor
len,15.65715362933385
dia,18.498000751433544
hei,3.1677557344833915
w_wei,242.31054235724736
s_wei,62.07318453742953
v_wei,16.921835476950463
sh_wei,30.53713535159921
