features,VIF Factor
fixed_acidity,4.45863703147532
volatile_acidity,1.5635427776396256
citric_acid,1.295323024888821
residual_sugar,11.596130530352127
chlorides,1.5168671619118195
free_sulfur_dioxide,1.7219604829880617
total_sulfur_dioxide,2.159434885252398
density,38.32161136145938
pH,3.2609553539353384
sulphates,1.3321175278544979
alcohol,11.32420084944451
