,Constant,log_P(atm),log_Fuel(%),log_Oxidizer(%),T0/S_H__T,T0/T,Class,Time(μs)_actual,Time(μs)_predicted
9,1.0,1.8779371654691073,-3.001750345879554,0.0,0.02818807080843387,0.7892659826361483,2,7.550661243105336,7.693697882401245
10,1.0,1.4906543764441336,-3.4673371841667002,0.0,0.030472940029254023,0.8532423208191127,2,8.428799040653642,8.789588490645091
11,1.0,1.5260563034950492,-3.423442990609475,0.0,0.030525030525030524,0.8547008547008547,2,8.52158353971753,8.861001642392107
12,1.0,1.9125010869241836,-3.009831197933493,0.0,0.026792412388811488,0.7501875468867217,2,6.821107472256465,6.763105936278946
