features,VIF Factor
log_P(atm),1.8168122963378348
log_Fuel(%),16.885262081564058
log_Oxidizer(%),12.849810692194016
T0/S_H__T,2.6056773741557437
T0/T,2.270520279217648
