,Constant,log_P(atm),log_Fuel(%),log_Oxidizer(%),T0/S_H__T,T0/T,Class,Time(μs)_actual,Time(μs)_predicted
1,1.0,0.22314355131420976,-0.05129329438755058,1.8229350866965048,0.19952114924181963,0.7980845969672785,3,7.490529402060711,7.577302811369804
2,1.0,0.13976194237515863,0.6931471805599453,2.5649493574615367,0.17433751743375175,0.697350069735007,3,5.19295685089021,5.244015286161781
3,1.0,0.27763173659827955,0.0,1.8718021769015913,0.16857720836142953,0.6743088334457181,3,5.081404364984463,5.061893276173421
4,1.0,0.3987761199573678,-0.05129329438755058,1.8229350866965048,0.18037518037518038,0.7215007215007215,3,6.184148890937483,5.837023730553288
6,1.0,0.0769610411361284,0.0,1.1786549963416462,0.14417531718569782,0.5767012687427913,3,4.653960350157523,4.5437597426584375
8,1.0,0.3293037471426003,-0.05129329438755058,1.8229350866965048,0.18768768768768768,0.7507507507507507,3,6.680854678790215,6.505114002548257
10,1.0,0.11332868530700327,0.0,2.5649493574615367,0.17998560115190784,0.7199424046076314,3,5.318119993844216,5.090661404755171
11,1.0,0.10436001532424286,0.0,2.5649493574615367,0.18050541516245489,0.7220216606498195,3,5.327876168789581,5.143910536379831
