,Constant,log_P(atm),log_Fuel(%),log_Oxidizer(%),T0/S_H__T,T0/T,Class,Time(μs)_actual,Time(μs)_predicted
23,1.0,2.8172035149987327,-2.3025850929940455,1.279822116609374,0.04065040650406504,0.8130081300813008,4,6.061456918928017,5.992665298319285
24,1.0,2.7206373166076814,-2.3025850929940455,1.279822116609374,0.04317789291882556,0.8635578583765112,4,7.074116816197362,7.151045662288798
