,Constant,log_P(atm),log_Fuel(%),log_Oxidizer(%),T0/S_H__T,T0/T,Class,Time(μs)_actual,Time(μs)_predicted
0,1.0,0.10436001532424286,0.0,2.5649493574615367,0.17705382436260622,0.7082152974504249,1,5.003946305945459,5.8200681834328325
1,1.0,0.16551443847757333,0.6931471805599453,2.5649493574615367,0.18050541516245489,0.7220216606498195,1,5.8664680569332965,5.618049164760083
2,1.0,0.6043159668533296,-0.6931471805599453,1.3862943611198906,0.1168770453482936,0.7012622720897616,1,5.638354669333745,5.7722171773114
3,1.0,0.6575200029167941,-0.8675005677047231,1.3862943611198906,0.10105092966855295,0.8084074373484236,1,7.903226808730733,6.721965312893348
