,y_predicted,y_actual,Relative Error
0,7.693697882401245,7.550661243105336,0.01894359112276673
1,8.789588490645091,8.428799040653642,0.042804372040583176
2,8.861001642392107,8.52158353971753,0.039830402541101824
3,6.763105936278946,6.821107472256465,0.008503243236296799
