features,VIF Factor
len,43.14455057863177
dia,52.79270794188949
hei,4.348595619160767
w_wei,276.0276220426967
s_wei,67.2055245755123
v_wei,18.529659698389494
sh_wei,46.496594821302494
