Constant,fixed_acidity,volatile_acidity,citric_acid,residual_sugar,chlorides,free_sulfur_dioxide,total_sulfur_dioxide,density,pH,sulphates,alcohol,training_adj_r2
-84.66185618159159,-0.007537204764793803,-0.2827929260966347,-0.013636429383499293,-0.00961556460136763,-0.028249111234801394,-0.020357557448183815,0.05933236541936346,8.858166552983931,-0.3009869058826349,0.023638768922203138,0.40931956219871346,0.15420232311032533
