T0/S_H__T,T0/T,log_Fuel(%),log_Oxidizer(%),log_P(atm)
0.046888110968541535,0.720346916618943,-3.0183142257085187,-0.0912641592590794,1.3735349437680147
