T0/S_H__T,T0/T,log_Fuel(%),log_Oxidizer(%),log_P(atm)
0.05533782381702269,0.9482922383857545,-0.16671608901092502,3.039126838492522,2.383357745614407
