T0/S_H__T,T0/T,log_Fuel(%),log_Oxidizer(%),log_P(atm)
0.09708161695560277,0.7196674225374116,-0.7566579182733795,1.649324699925296,0.6223533257264693
