features,VIF Factor
fixed_acidity,2.950718613479967
volatile_acidity,1.1539569943970287
citric_acid,1.1797333592707566
residual_sugar,22.083409255600493
chlorides,1.049255507005545
free_sulfur_dioxide,1.505911483326381
total_sulfur_dioxide,1.6567548282616449
density,34.794062838018256
pH,1.7041623681794462
sulphates,1.3402181626206986
alcohol,4.384531744923987
