features,VIF Factor
log_P(atm),170.1306332391642
log_Fuel(%),33.29276762627987
log_Oxidizer(%),143.02061951014204
T0/S_H__T,21.64071844546303
T0/T,3.038179331776615
