features,VIF Factor
log_P(atm),1.6112309057270806
log_Fuel(%),16.017455144593207
log_Oxidizer(%),12.115396647458883
T0/S_H__T,2.537754397652596
T0/T,2.206762151071353
