Constant,fixed_acidity,volatile_acidity,citric_acid,residual_sugar,chlorides,free_sulfur_dioxide,total_sulfur_dioxide,density,pH,sulphates,alcohol,training_adj_r2
-213.9570119816018,-0.18403453532424585,-0.525799954391267,0.20662428480582617,-0.1091538180656268,-0.031496087719394716,0.1601305846341654,-1.1020798178083586,23.103286126568566,-2.644506128348058,-0.016237194870461713,0.2826606046510177,0.1563200499123114
