features,VIF Factor
log_P(atm),2.66675571137181
log_Fuel(%),1.910797898408817
log_Oxidizer(%),3.84415862658964
T0/S_H__T,3.8333919541219648
T0/T,3.0306740605943108
