features,VIF Factor
log_P(atm),1.4422398716229168
log_Fuel(%),3.6426594765842153
log_Oxidizer(%),5.88064350979443
T0/S_H__T,1.279824006864593
T0/T,2.4577808062551303
