,y_predicted,y_actual,Relative Error
0,5.847148616743517,5.886104031450156,0.006618200170859198
1,6.188466845420302,6.061456918928017,0.020953696147814383
2,7.3488965139428934,7.074116816197362,0.038842968653892966
3,6.373834491941011,6.484635235635252,0.017086657871726276
4,6.165353150900137,5.855071922202427,0.05299358109011851
5,4.521836232374199,4.430816798843313,0.020542359944705255
6,5.767508768483677,5.327876168789581,0.0825155438614434
