features,VIF Factor
log_P(atm),1.3767605138169876
log_Fuel(%),5.009587878651955
log_Oxidizer(%),1.6420276227068948
T0/S_H__T,3.3567392229202055
T0/T,1.4416379690207375
