,y_predicted,y_actual,Relative Error
0,5.265747874913667,5.19295685089021,0.014017259552422104
1,5.064893686441947,5.081404364984463,0.0032492353209064555
2,5.884695329915548,6.184148890937483,0.04842276056140359
3,4.4704262444008425,4.653960350157523,0.03943611289049089
4,5.12802555611873,5.318119993844216,0.03574466878248756
5,5.183625977607218,5.327876168789581,0.027074614088700648
6,5.478708029972246,5.655991810819852,0.03134441964863956
