,y_predicted,y_actual,Relative Error
0,6.453762643846899,6.484635235635252,0.004760883329057234
1,6.200820967172461,5.855071922202427,0.059051203736533706
2,4.545762496507327,4.430816798843313,0.025942326862627325
3,5.664828488622027,5.327876168789581,0.06324327164476813
