features,VIF Factor
CRIM,2.9216223740371468
ZN,
INDUS,30.318025617159968
CHAS,1.292770096521606
NOX,3.549327447161532
RM,2.1827955563124273
AGE,2.0026963125709982
DIS,5.0673967417078565
RAD,17.24674313272823
TAX,28.470309145210223
PTRATIO,7.585524043868266
B,1.422793614218193
LSTAT,2.897781713402807
