Constant,log_P(atm),log_Fuel(%),log_Oxidizer(%),T0/S_H__T,T0/T,training_adj_r2
68.52940852186705,-0.9616289015499376,-0.4938326301035556,-22.22607468352878,0.7284118395071868,8.147626219477935,0.7323707771656423
68.52940852186705,-0.9616289015499376,-0.4938326301035556,-22.22607468352878,0.7284118395071868,8.147626219477935,0.7323707771656423
68.52940852186705,-0.9616289015499376,-0.4938326301035556,-22.22607468352878,0.7284118395071868,8.147626219477935,0.7323707771656423
68.52940852186705,-0.9616289015499376,-0.4938326301035556,-22.22607468352878,0.7284118395071868,8.147626219477935,0.7323707771656423
68.52940852186705,-0.9616289015499376,-0.4938326301035556,-22.22607468352878,0.7284118395071868,8.147626219477935,0.7323707771656423
68.52940852186705,-0.9616289015499376,-0.4938326301035556,-22.22607468352878,0.7284118395071868,8.147626219477935,0.7323707771656423
68.52940852186705,-0.9616289015499376,-0.4938326301035556,-22.22607468352878,0.7284118395071868,8.147626219477935,0.7323707771656423
68.52940852186705,-0.9616289015499376,-0.49383263010355566,-22.22607468352878,0.7284118395071868,8.147626219477935,0.7323707771656423
