AGE,B,CHAS,CRIM,DIS,INDUS,LSTAT,NOX,PTRATIO,RAD,RM,TAX,ZN
69.68571428571428,389.14183673469387,0.3877551020408163,0.27794204081632656,3.4360040816326527,10.411632653061226,11.769795918367347,0.5293857142857143,16.695918367346938,4.244897959183674,6.534734693877551,262.265306122449,11.306122448979592
