AGE,B,CHAS,CRIM,DIS,INDUS,LSTAT,NOX,PTRATIO,RAD,RM,TAX,ZN
80.97500000000001,379.5807142857143,0.25,10.017055714285716,2.476921428571429,19.821428571428577,13.460714285714285,0.6281071428571428,20.182142857142857,20.428571428571427,6.037,674.0357142857143,0.0
