AGE,B,CHAS,CRIM,DIS,INDUS,LSTAT,NOX,PTRATIO,RAD,RM,TAX,ZN
43.332402234636874,389.7640782122904,0.0,0.11386430167597765,5.71841843575419,4.709441340782123,7.7936312849162,0.452713407821229,17.631843575418994,4.396648044692737,6.547100558659218,290.94972067039106,27.03072625698324
