AGE,B,CHAS,CRIM,DIS,INDUS,LSTAT,NOX,PTRATIO,RAD,RM,TAX,ZN
91.57889908256881,278.4694495412844,0.0,11.619816146788992,2.008571559633028,17.13724770642201,19.337339449541282,0.667715596330275,20.27064220183485,22.08256880733945,6.042293577981651,637.5412844036697,0.0
