AGE,B,CHAS,CRIM,DIS,INDUS,LSTAT,NOX,PTRATIO,RAD,RM,TAX,ZN
82.7088888888889,364.34277777777777,0.05555555555555555,0.9379392222222224,2.8840133333333338,13.890222222222224,13.610444444444445,0.5975333333333334,18.44555555555555,4.666666666666667,6.067755555555555,373.1333333333333,0.0
