,Constant,log_P(atm),log_Fuel(%),log_Oxidizer(%),T0/S_H__T,T0/T,Class,Time(μs)_actual,Time(μs)_predicted
3,1.0,0.6575200029167941,-0.8675005677047231,1.3862943611198906,0.10105092966855295,0.8084074373484236,0,7.903226808730733,7.814059512145187
4,1.0,1.7387102481382397,-0.916290731874155,1.4816045409242156,0.07037297677691766,0.7037297677691766,0,4.927253685157205,4.936611832821264
5,1.0,0.23901690047049992,-0.916290731874155,1.4816045409242156,0.0700280112044818,0.7002801120448179,0,5.69035945432406,5.678276432220088
6,1.0,0.6981347220709843,-1.1394342831883648,1.3862943611198906,0.06464959917248513,0.7757951900698216,0,7.088408778675395,7.123838465065322
7,1.0,0.62057648772511,-1.2378743560016174,1.3862943611198906,0.05225206395652628,0.731528895391368,0,6.212606095751519,6.183996582592217
8,1.0,0.5766133643039938,-1.9661128563728327,1.3862943611198906,0.05105687736138058,0.7147962830593281,0,5.19295685089021,5.220247807540998
9,1.0,0.7466879474879751,-3.506557897319982,-0.5447271754416722,0.04274965800273598,0.6839945280437757,0,5.327876168789581,5.903273237955643
11,1.0,0.7323678937132266,-2.0402208285265546,1.3862943611198906,0.030656039239730228,0.8583690987124464,0,8.422442854870427,8.486307089753812
