alcohol,chlorides,citric_acid,density,fixed_acidity,free_sulfur_dioxide,pH,residual_sugar,sulphates,total_sulfur_dioxide,volatile_acidity
10.078947368421053,8.484764542936286,3.691689750692521,9.94393296398892,6.776869806094182,3.3389196675900275,3.183019390581718,5.455124653739612,4.6554016620498615,1.413545706371191,4.118421052631579
