alcohol,chlorides,citric_acid,density,fixed_acidity,free_sulfur_dioxide,pH,residual_sugar,sulphates,total_sulfur_dioxide,volatile_acidity
9.408340834083258,4.7205220522052205,3.6225022502250224,9.966234428442844,6.769396939693968,4.705715571557157,3.1351395139513953,10.54077407740774,5.047524752475248,1.7301170117011702,2.8599909990999097
