alcohol,chlorides,citric_acid,density,fixed_acidity,free_sulfur_dioxide,pH,residual_sugar,sulphates,total_sulfur_dioxide,volatile_acidity
9.035593220338983,5.506779661016947,3.3601694915254234,9.992104237288137,7.3500000000000005,3.844067796610169,3.0618644067796614,15.238559322033897,5.264406779661017,1.6612711864406777,2.2148305084745763
