alcohol,chlorides,citric_acid,density,fixed_acidity,free_sulfur_dioxide,pH,residual_sugar,sulphates,total_sulfur_dioxide,volatile_acidity
10.943410852713072,4.054210104250199,3.2502004811547716,9.91893953488372,6.898757016840417,2.896832397754611,3.226944667201283,1.4716519647153168,5.045629510825982,1.187935044105854,2.415717722534082
