alcohol,chlorides,citric_acid,density,fixed_acidity,free_sulfur_dioxide,pH,residual_sugar,sulphates,total_sulfur_dioxide,volatile_acidity
11.17957564184163,3.9301718650541044,3.140547422024189,9.93413857415659,6.874602164226607,3.2528325907065563,3.205964353914704,6.9080840229153395,4.694143857415659,1.2713367281985997,2.761266709102483
