,y_predicted,y_actual,Relative Error
0,7.577302811369804,7.490529402060711,0.011584416087495799
1,5.244015286161781,5.19295685089021,0.009832247164313988
2,5.061893276173421,5.081404364984463,0.003839704028573476
3,5.837023730553288,6.184148890937483,0.05613143643628746
4,4.5437597426584375,4.653960350157523,0.02367888834621369
5,6.505114002548257,6.680854678790215,0.026305118834553394
6,5.090661404755171,5.318119993844216,0.042770488321499205
7,5.143910536379831,5.327876168789581,0.03452888666733868
