,y_predicted,y_actual,Relative Error
0,7.0384698638433525,6.985641817639208,0.007562375452853891
1,6.524583153231654,6.684611727667927,0.023939845866276326
2,5.714113907139823,5.998936561946683,0.047478857605127475
3,7.492693123106269,6.774223886357614,0.10605926948997901
4,7.475632576963648,6.946975992135418,0.07609880693797048
5,7.797368417713255,8.335431477880796,0.06455131466143835
6,5.162206020614968,5.564520407322694,0.07229992115372526
7,5.93545817419763,5.777652323222656,0.02731314418846043
