,y_predicted,y_actual,Relative Error
0,5.797424444851179,5.886104031450156,0.01506592240387714
1,7.952984160322622,8.261009786023827,0.037286679677141936
2,7.086960300238227,7.727535110475448,0.08289510187651661
3,7.693697882401245,7.550661243105336,0.01894359112276673
4,8.789588490645091,8.428799040653642,0.042804372040583176
5,8.861001642392107,8.52158353971753,0.039830402541101824
6,6.763105936278946,6.821107472256465,0.008503243236296799
