features,VIF Factor
fixed_acidity,3.163214934186546
volatile_acidity,1.5110448168147321
citric_acid,1.4755296991641027
residual_sugar,6.9924335493319525
chlorides,1.6369209119708528
free_sulfur_dioxide,1.97390239933453
total_sulfur_dioxide,2.8119393538568738
density,15.535388243528752
pH,2.5581330302937437
sulphates,1.5378570210975646
alcohol,6.233549033728307
