,y_predicted,y_actual,Relative Error
0,5.992665298319285,6.061456918928017,0.011349024092527499
1,7.151045662288798,7.074116816197362,0.0108746926422383
