features,VIF Factor
log_P(atm),8.74168302222778
log_Fuel(%),12.694529785818432
log_Oxidizer(%),37.662806300445695
T0/S_H__T,3.2704137955204766
T0/T,5.2231344695045285
