features,VIF Factor
log_P(atm),4.437849533891474
log_Fuel(%),1.7346090793833933
log_Oxidizer(%),8.418762361868735
T0/S_H__T,3.9581714604129306
T0/T,1.5872087176004475
