features,VIF Factor
len,10.606138955530293
dia,9.84783982818527
hei,2.3243730048452766
w_wei,88.10990731246994
s_wei,26.446730734343994
v_wei,9.155035482607998
sh_wei,14.871572855244672
