T0/S_H__T,T0/T,log_Fuel(%),log_Oxidizer(%),log_P(atm)
0.09412417527557346,0.7179780482849377,-0.7676214988704277,1.6438239896825708,0.591488119927604
