T0/S_H__T,T0/T,log_Fuel(%),log_Oxidizer(%),log_P(atm)
0.047726130565961915,0.7193964775595318,-3.0359653686614827,-0.11902794324171409,1.3673433382758433
