features,VIF Factor
log_P(atm),6.226190429511333
log_Fuel(%),10.298040765597548
log_Oxidizer(%),25.33502280507923
T0/S_H__T,2.5715380299867143
T0/T,3.58541339442062
