,Constant,log_P(atm),log_Fuel(%),log_Oxidizer(%),T0/S_H__T,T0/T,Class,Time(μs)_actual,Time(μs)_predicted
23,1.0,2.8172035149987327,-2.3025850929940455,1.279822116609374,0.04065040650406504,0.8130081300813008,1,6.061456918928017,6.151385624220769
24,1.0,2.7206373166076814,-2.3025850929940455,1.279822116609374,0.04317789291882556,0.8635578583765112,1,7.074116816197362,7.3163984837351475
25,1.0,0.7275486072772777,-2.9759296462578115,-0.2781278596469693,0.0350385423966363,0.700770847932726,1,6.484635235635252,6.331308842968565
26,1.0,0.8458682675776092,-3.1122660898099426,-0.2876820724517809,0.03496503496503497,0.6993006993006993,1,5.855071922202427,6.135796318959516
31,1.0,0.7747271675523681,-3.079113882493042,-0.2876820724517809,0.031113876789047916,0.6222775357809583,1,4.430816798843313,4.479959913093327
40,1.0,0.7466879474879751,-3.506557897319982,-0.5418004280654213,0.04274965800273598,0.6839945280437757,1,5.327876168789581,5.770512939545544
