Constant,log_P(atm),log_Fuel(%),log_Oxidizer(%),T0/S_H__T,T0/T,training_adj_r2
79.85722636388962,-0.9855093832081816,-0.5644930554139715,-25.963169322700423,1.2391807784375004,8.203805940988742,0.7314502008391515
79.85722636388962,-0.9855093832081816,-0.5644930554139715,-25.963169322700423,1.2391807784375004,8.203805940988742,0.7314502008391515
79.85722636388962,-0.9855093832081816,-0.5644930554139715,-25.963169322700423,1.2391807784375004,8.203805940988742,0.7314502008391515
79.85722636388962,-0.9855093832081816,-0.5644930554139715,-25.963169322700423,1.2391807784375004,8.203805940988742,0.7314502008391515
79.85722636388962,-0.9855093832081816,-0.5644930554139715,-25.963169322700423,1.2391807784375004,8.203805940988742,0.7314502008391515
79.85722636388962,-0.9855093832081815,-0.5644930554139715,-25.963169322700423,1.2391807784375004,8.203805940988742,0.7314502008391515
