features,VIF Factor
log_P(atm),1.5713705804598828
log_Fuel(%),16.711383098262978
log_Oxidizer(%),12.016226827834915
T0/S_H__T,2.844224954639491
T0/T,2.3020679587507127
