features,VIF Factor
fixed_acidity,4.618023454922905
volatile_acidity,1.3390054730262042
citric_acid,1.4854277319820224
residual_sugar,1.519244312714294
chlorides,1.4970819546328407
free_sulfur_dioxide,1.690090301645001
total_sulfur_dioxide,1.7838443380357583
density,14.891526266830907
pH,3.16359639406683
sulphates,1.285206302925577
alcohol,8.438044934612687
