,y_predicted,y_actual,Relative Error
0,6.99873800273994,6.985641817639208,0.0018747289715976185
1,6.496895548981602,6.684611727667927,0.02808183726054859
2,5.706228726198224,5.998936561946683,0.04879328739783737
3,7.442234196829913,6.774223886357614,0.09861060420775036
4,7.42485685472807,6.946975992135418,0.06878976739428122
5,7.80471758310548,8.335431477880796,0.06366963680088286
6,5.186282540539006,5.564520407322694,0.06797312959548885
7,5.943871599528082,5.777652323222656,0.02876934557611314
