,y_predicted,y_actual,Relative Error
0,6.151385624220769,6.061456918928017,0.014836153501633047
1,7.3163984837351475,7.074116816197362,0.0342490340254265
2,6.331308842968565,6.484635235635252,0.023644567056618153
3,6.135796318959516,5.855071922202427,0.047945507841258464
4,4.479959913093327,4.430816798843313,0.011091208795372195
5,5.770512939545544,5.327876168789581,0.0830794028864457
