,Constant,log_P(atm),log_Fuel(%),log_Oxidizer(%),T0/S_H__T,T0/T,Class,Time(μs)_actual,Time(μs)_predicted
27,1.0,3.152736022363656,0.11600367575630613,3.033509637888021,0.05512679162072767,1.1025358324145536,1,6.985641817639208,7.0384698638433525
28,1.0,3.0204248861443626,0.11600367575630613,3.033509637888021,0.05122950819672131,1.0245901639344261,1,6.684611727667927,6.524583153231654
29,1.0,2.9652730660692823,0.11600367575630613,3.033509637888021,0.045998160073597055,0.9199632014719411,1,5.998936561946683,5.714113907139823
30,1.0,3.254242968705492,0.11600367575630613,3.033509637888021,0.05847953216374269,1.1695906432748537,1,6.774223886357614,7.492693123106269
32,1.0,3.1135153092103742,0.11600367575630613,3.033509637888021,0.05753739930955121,1.1507479861910241,1,6.946975992135418,7.475632576963648
33,1.0,1.6193882432872684,0.14669437915080344,3.044522437723423,0.05241090146750524,1.0482180293501049,1,8.335431477880796,7.797368417713255
35,1.0,3.9926809084456005,0.6280751838162305,3.0252910757955354,0.09775171065493646,0.9775171065493646,1,5.564520407322694,5.162206020614968
39,1.0,4.014579593753238,0.6280751838162305,3.0252910757955354,0.1072961373390558,1.0729613733905579,1,5.777652323222656,5.93545817419763
