features,VIF Factor
ZN,3.2881891672513026
INDUS,7.20847888227578
CHAS,1.1741311525051026
NOX,94.06654398095637
RM,126.12387917352154
AGE,13.778802870638708
DIS,17.30018045977704
RAD,9.515268459452667
TAX,32.499349492633876
PTRATIO,85.77633094100956
B,166.27067972848502
LSTAT,10.073187135210354
