features,VIF Factor
log_P(atm),1.2446219047546152
log_Fuel(%),5.831303636432668
log_Oxidizer(%),3.4330863335612065
T0/S_H__T,2.270930401270693
T0/T,1.8295622490067351
