features,VIF Factor
log_P(atm),1.2365720521853347
log_Fuel(%),5.880737332475011
log_Oxidizer(%),3.4957770002218855
T0/S_H__T,2.2796788398761634
T0/T,1.757352262419834
