features,VIF Factor
log_P(atm),1.2621562341275496
log_Fuel(%),5.19657099256242
log_Oxidizer(%),4.182784105866531
T0/S_H__T,1.9274633738857605
T0/T,1.5585373507076377
