T0/S_H__T,T0/T,log_Fuel(%),log_Oxidizer(%),log_P(atm)
0.10607240041226369,0.7083874381356694,-0.6121210560355951,1.6778813177416443,0.5880514300237893
