features,VIF Factor
log_P(atm),2.2331985993421046
log_Fuel(%),6.7874940623113345
log_Oxidizer(%),7.0346216388628555
T0/S_H__T,2.030414796871064
T0/T,3.0614441701766224
