,y_predicted,y_actual,Relative Error
0,7.040553142385988,6.985641817639208,0.007860598378824055
1,6.529876355379999,6.684611727667927,0.02314799701042785
2,5.7266399810041255,5.998936561946683,0.04539080854260535
3,7.49172084008945,6.774223886357614,0.10591574263979962
4,7.472839437081212,6.946975992135418,0.0756967413650366
5,7.8105978575050745,8.335431477880796,0.06296418149059699
6,5.175069266350618,5.564520407322694,0.06998826717565333
7,5.938607342065024,5.777652323222656,0.02785820430824916
