,y_predicted,y_actual,Relative Error
0,6.305720672716522,6.163314804034641,0.023105402402723015
