Constant,fixed_acidity,volatile_acidity,citric_acid,residual_sugar,chlorides,free_sulfur_dioxide,total_sulfur_dioxide,density,pH,sulphates,alcohol,training_adj_r2
238.11137127819018,0.08176077477565569,-0.16730388267544663,0.032230342149969005,0.0885274184096342,0.0023021880652747233,-0.005093008366339729,0.18862893947776987,-23.605518498854384,0.5741310167655689,-0.06246402282994254,-0.03010762254360383,0.29701590993260185
