,Constant,log_P(atm),log_Fuel(%),log_Oxidizer(%),T0/S_H__T,T0/T,Class,Time(μs)_actual,Time(μs)_predicted
0,1.0,0.10436001532424286,0.0,2.5649493574615367,0.17705382436260622,0.7082152974504249,0,5.003946305945459,5.73384091146188
1,1.0,0.16551443847757333,0.6931471805599453,2.5649493574615367,0.18050541516245489,0.7220216606498195,0,5.8664680569332965,5.472870596009153
10,1.0,1.9021075263969205,-0.5621189181535413,3.044522437723423,0.042625745950554135,0.8525149190110827,0,6.163314804034641,6.172413469712989
