T0/S_H__T,T0/T,log_Fuel(%),log_Oxidizer(%),log_P(atm)
0.08954064607312777,0.7105402966534562,-1.2755034333196242,1.1911077342377236,0.8024746155747483
