features,VIF Factor
len,54.35140466582841
dia,223.42232935339334
hei,3.371187379899242
w_wei,769.1462792631735
s_wei,121.24449056989302
v_wei,19.613810672161083
sh_wei,58.41679956779301
