features,VIF Factor
log_P(atm),1.4442814637711205
log_Fuel(%),2.822504108579039
log_Oxidizer(%),5.721915523498154
T0/S_H__T,1.4982442270588736
T0/T,3.722189940749653
