,y_predicted,y_actual,Relative Error
0,12.907624805650983,13.8,0.06466486915572595
1,21.224757238115554,13.8,0.5380258868199677
2,12.198459560601716,8.3,0.46969392296406204
3,12.045754177979335,19.9,0.39468571969953087
4,1.4778223775032382,15.2,0.9027748435853133
5,50.670619894245704,50.0,0.013412397884914072
