,y_predicted,y_actual,Relative Error
0,19.96501652736491,18.1,0.10303958714723248
1,17.267899318704334,15.4,0.12129216355222945
2,14.519939494189343,14.3,0.015380384209044895
3,16.864769160399547,19.3,0.12617776370986808
4,9.615269303302123,14.6,0.3414199107327313
5,22.58309487914285,20.8,0.08572571534340613
6,11.635377518883383,17.8,0.34632710568070885
7,17.55918309537789,13.4,0.31038679816252907
8,20.64741331317414,21.2,0.02606540975593671
