,y_predicted,y_actual,Relative Error
0,13.91797532540508,17.2,0.1908153880578441
1,6.878491951846593,17.9,0.615726706600749
2,2.7933391221009294,15.6,0.8209397998653251
3,20.73290792737839,20.8,0.0032255804145005975
4,6.264941987156737,7.2,0.1298691684504532
5,3.325601431279607,13.1,0.7461372953221674
6,8.68464211982882,8.8,0.013108850019452258
