,y_predicted,y_actual,Relative Error
0,24.94166459136373,23.0,0.08442019962450996
1,24.834174231392133,24.8,0.001377993201295656
2,26.923394009181106,25.0,0.07693576036724423
3,18.3018522265382,18.9,0.031648030341894014
4,18.306158435681265,18.9,0.03142018858829277
5,20.731607112309433,22.8,0.09071898630221786
6,22.732912128990243,22.9,0.007296413581212027
7,17.981166195227487,19.8,0.09186029317032894
8,16.553303434089834,18.6,0.11003744978011652
9,36.33609868585182,31.7,0.14624916990068845
