features,VIF Factor
log_P(atm),1.2613234353985339
log_Fuel(%),5.7224671375136715
log_Oxidizer(%),3.6848107791354883
T0/S_H__T,2.114886615394769
T0/T,1.7741939517660996
