T0/S_H__T,T0/T,log_Fuel(%),log_Oxidizer(%),log_P(atm)
0.04630375010923378,0.7161708496999759,-3.010503496985547,-0.08199240723406932,1.363273716246487
