T0/S_H__T,T0/T,log_Fuel(%),log_Oxidizer(%),log_P(atm)
0.05527571872975751,0.9470501366404515,-0.16756661399616732,3.039126838492525,2.383245292070894
