features,VIF Factor
log_P(atm),4.483359418253198
log_Fuel(%),1.7179596996982205
log_Oxidizer(%),8.511565389074425
T0/S_H__T,3.9940850271002746
T0/T,1.583309946745792
