,Constant,log_P(atm),log_Fuel(%),log_Oxidizer(%),T0/S_H__T,T0/T,Class,Time(μs)_actual,Time(μs)_predicted
4,1.0,1.7387102481382397,-0.916290731874155,1.4816045409242156,0.07037297677691766,0.7037297677691766,1,4.927253685157205,4.788670092407754
5,1.0,0.23901690047049992,-0.916290731874155,1.4816045409242156,0.0700280112044818,0.7002801120448179,1,5.69035945432406,5.672560330278882
6,1.0,0.6981347220709843,-1.1394342831883648,1.3862943611198906,0.06464959917248513,0.7757951900698216,1,7.088408778675395,7.06058149098695
7,1.0,0.62057648772511,-1.2378743560016174,1.3862943611198906,0.05225206395652628,0.731528895391368,1,6.212606095751519,6.101883207197597
8,1.0,0.5766133643039938,-1.9661128563728327,1.3862943611198906,0.05105687736138058,0.7147962830593281,1,5.19295685089021,5.188075101570508
9,1.0,0.7466879474879751,-3.506557897319982,-0.5447271754416722,0.04274965800273598,0.6839945280437757,1,5.327876168789581,5.992572827833127
10,1.0,1.9021075263969205,-0.5621189181535413,3.044522437723423,0.042625745950554135,0.8525149190110827,1,6.163314804034641,6.192444885337853
11,1.0,0.7323678937132266,-2.0402208285265546,1.3862943611198906,0.030656039239730228,0.8583690987124464,1,8.422442854870427,8.351636828914382
