Constant,fixed_acidity,volatile_acidity,citric_acid,residual_sugar,chlorides,free_sulfur_dioxide,total_sulfur_dioxide,density,pH,sulphates,alcohol,training_adj_r2
179.16720893936082,0.08338019478088829,-0.04970788066280367,0.06035334568630915,0.05842218355000947,-0.07388545106072908,0.10556802514131888,-0.07388884159980644,-17.9561159939689,0.9374729161991522,0.04805326350967076,0.10400234225394465,0.240283421628131
