features,VIF Factor
log_P(atm),4.214277352212234
log_Fuel(%),1.7030886703714576
log_Oxidizer(%),8.34008540956829
T0/S_H__T,4.08234724584436
T0/T,1.6105913315057767
