features,VIF Factor
log_P(atm),6.695817375532323
log_Fuel(%),9.790071001632652
log_Oxidizer(%),25.67188640100164
T0/S_H__T,2.3562812873332666
T0/T,4.015916175426266
