features,VIF Factor
fixed_acidity,2.6698701441236103
volatile_acidity,9.42945518973241
citric_acid,3.5305823108947703
residual_sugar,45.191912153953176
chlorides,1.5843408247307658
free_sulfur_dioxide,2.513466175591609
total_sulfur_dioxide,2.4582634641349244
density,39.153975893393415
pH,9.098276093587021
sulphates,13.846077566707827
alcohol,4.082715036674611
