features,VIF Factor
log_P(atm),1.6804844783397193
log_Fuel(%),24.487631647090513
log_Oxidizer(%),24.80719684878732
T0/S_H__T,2.441762101663723
T0/T,3.4722344584703295
