features,VIF Factor
log_P(atm),1.4259935900100364
log_Fuel(%),6.719544722734297
log_Oxidizer(%),2.7177399316103403
T0/S_H__T,3.39423456085127
T0/T,1.7534972989235769
