T0/S_H__T,T0/T,log_Fuel(%),log_Oxidizer(%),log_P(atm)
0.09425404354752319,0.8634248678553188,-0.21412666145047057,2.5233721319844586,1.6916114576021835
