T0/S_H__T,T0/T,log_Fuel(%),log_Oxidizer(%),log_P(atm)
0.05424506312501099,0.7357520942119855,-1.6488223960523236,1.1569529841070818,1.0358119736309395
