T0/S_H__T,T0/T,log_Fuel(%),log_Oxidizer(%),log_P(atm)
0.1132729073836482,0.688727693585802,-0.1487380028533314,1.9925866670383907,0.2057855288493791
0.1132729073836482,0.688727693585802,-0.1487380028533314,1.9925866670383907,0.2057855288493791
0.1132729073836482,0.688727693585802,-0.1487380028533314,1.9925866670383907,0.2057855288493791
0.1132729073836482,0.688727693585802,-0.1487380028533314,1.9925866670383907,0.2057855288493791
0.1132729073836482,0.688727693585802,-0.1487380028533314,1.9925866670383907,0.2057855288493791
0.11327290738364827,0.688727693585802,-0.14873800285333144,1.9925866670383907,0.20578552884937917
