AGE,B,CHAS,CRIM,DIS,INDUS,LSTAT,NOX,PTRATIO,RAD,RM,TAX,ZN
80.25666666666667,380.61766666666665,0.23333333333333334,9.729518666666667,2.5071233333333334,19.70666666666667,13.482666666666665,0.6273999999999998,20.183333333333337,20.666666666666668,6.056066666666667,673.5,0.0
