AGE,B,CHAS,CRIM,DIS,INDUS,LSTAT,NOX,PTRATIO,RAD,RM,TAX,ZN
91.97850467289722,276.288785046729,0.0,11.730392149532712,1.9913495327102806,17.119252336448593,19.441028037383177,0.6686542056074765,20.27196261682242,22.046728971962615,6.037046728971961,637.0093457943925,0.0
