AGE,B,CHAS,CRIM,DIS,INDUS,LSTAT,NOX,PTRATIO,RAD,RM,TAX,ZN
58.5374213836478,382.47349056603775,0.07547169811320754,0.37237547169811314,4.564535534591195,8.186415094339623,10.052578616352202,0.505514465408805,17.717924528301886,4.449685534591195,6.409531446540881,309.78930817610063,16.95754716981132
