,Constant,log_P(atm),log_Fuel(%),log_Oxidizer(%),T0/S_H__T,T0/T,Class,Time(μs)_actual,Time(μs)_predicted
0,1.0,1.8656293177945105,-1.6971768267421072,1.3862943611198906,0.02691355366562601,0.7535795026375283,2,5.886104031450156,5.797424444851179
1,1.0,0.7227059828014898,-2.385966701933097,1.3862943611198906,0.030814741772463947,0.8628127696289906,2,8.261009786023827,7.952984160322622
3,1.0,0.6471032420585384,-2.397995277798704,1.3862943611198906,0.029467232437529467,0.8250825082508251,2,7.727535110475448,7.086960300238227
9,1.0,1.8779371654691073,-3.001750345879554,0.0,0.02818807080843387,0.7892659826361483,2,7.550661243105336,7.693697882401245
10,1.0,1.4906543764441336,-3.4673371841667002,0.0,0.030472940029254023,0.8532423208191127,2,8.428799040653642,8.789588490645091
11,1.0,1.5260563034950492,-3.423442990609475,0.0,0.030525030525030524,0.8547008547008547,2,8.52158353971753,8.861001642392107
12,1.0,1.9125010869241836,-3.009831197933493,0.0,0.026792412388811488,0.7501875468867217,2,6.821107472256465,6.763105936278946
