,Constant,log_P(atm),log_Fuel(%),log_Oxidizer(%),T0/S_H__T,T0/T,Class,Time(μs)_actual,Time(μs)_predicted
2,1.0,0.13976194237515863,0.6931471805599453,2.5649493574615367,0.17433751743375175,0.697350069735007,3,5.19295685089021,5.265747874913667
3,1.0,0.27763173659827955,0.0,1.8718021769015913,0.16857720836142953,0.6743088334457181,3,5.081404364984463,5.064893686441947
4,1.0,0.3987761199573678,-0.05129329438755058,1.8229350866965048,0.18037518037518038,0.7215007215007215,3,6.184148890937483,5.884695329915548
6,1.0,0.0769610411361284,0.0,1.1786549963416462,0.14417531718569782,0.5767012687427913,3,4.653960350157523,4.4704262444008425
10,1.0,0.11332868530700327,0.0,2.5649493574615367,0.17998560115190784,0.7199424046076314,3,5.318119993844216,5.12802555611873
11,1.0,0.10436001532424286,0.0,2.5649493574615367,0.18050541516245489,0.7220216606498195,3,5.327876168789581,5.183625977607218
38,1.0,0.26236426446749106,-0.916290731874155,2.174751721484161,0.07423904974016332,0.7423904974016332,3,5.655991810819852,5.478708029972246
