,Constant,CRIM,ZN,INDUS,CHAS,NOX,RM,AGE,DIS,RAD,TAX,PTRATIO,B,LSTAT,Class,Time(μs)_actual,Time(μs)_predicted
4,1.0,0.55778,0.0,21.89,0,0.624,6.335,98.2,2.1107,4,437,21.2,394.67,16.96,0,18.1,19.96501652736491
6,1.0,2.73397,0.0,19.58,0,0.871,5.597,94.9,1.5257,5,403,14.7,351.85,21.45,0,15.4,17.267899318704334
9,1.0,0.88125,0.0,21.89,0,0.624,5.6370000000000005,94.7,1.9799,4,437,21.2,396.9,18.34,0,14.3,14.519939494189343
12,1.0,0.14476,0.0,10.01,0,0.547,5.731,65.2,2.7592,6,432,17.8,391.5,13.61,0,19.3,16.864769160399547
15,1.0,2.36862,0.0,19.58,0,0.871,4.926,95.7,1.4608,5,403,14.7,391.71,29.53,0,14.6,9.615269303302123
21,1.0,0.08707,0.0,12.83,0,0.437,6.14,45.8,4.0905,5,398,18.7,386.96,10.27,0,20.8,22.58309487914285
29,1.0,2.3309900000000003,0.0,19.58,0,0.871,5.186,93.8,1.5296,5,403,14.7,356.99,28.32,0,17.8,11.635377518883383
31,1.0,3.32105,0.0,19.58,1,0.871,5.403,100.0,1.3216,5,403,14.7,396.9,26.82,0,13.4,17.55918309537789
45,1.0,0.13158,0.0,10.01,0,0.547,6.176,72.5,2.7301,6,432,17.8,393.3,12.04,0,21.2,20.64741331317414
