,Constant,CRIM,ZN,INDUS,CHAS,NOX,RM,AGE,DIS,RAD,TAX,PTRATIO,B,LSTAT,Class,Time(μs)_actual,Time(μs)_predicted
0,1.0,8.64476,0.0,18.1,0,0.693,6.193,92.6,1.7912,24,666,20.2,396.9,15.17,1,13.8,12.907624805650983
3,1.0,8.05579,0.0,18.1,0,0.584,5.4270000000000005,95.4,2.4298,24,666,20.2,352.58,18.14,1,13.8,21.224757238115554
18,1.0,24.8017,0.0,18.1,0,0.693,5.349,96.0,1.7028,24,666,20.2,396.9,19.77,1,8.3,12.198459560601716
25,1.0,3.1636,0.0,18.1,0,0.655,5.759,48.2,3.0665,24,666,20.2,334.4,14.13,1,19.9,12.045754177979335
30,1.0,5.44114,0.0,18.1,0,0.713,6.655,98.2,2.3552,24,666,20.2,355.29,17.73,1,15.2,1.4778223775032382
34,1.0,6.53876,0.0,18.1,1,0.631,7.016,97.5,1.2024,24,666,20.2,392.05,2.96,1,50.0,50.670619894245704
