,y_predicted,y_actual,Relative Error
0,6.2933582279759595,6.163314804034641,0.021099591384848442
