,y_predicted,y_actual,Relative Error
0,5.833355262547043,5.327876168789581,0.09487440731421867
