features,VIF Factor
log_P(atm),6.752962194941312
log_Fuel(%),9.234084038669844
log_Oxidizer(%),24.910993856388124
T0/S_H__T,2.3719128784153725
T0/T,3.8722930844201575
