dia,hei,len,s_wei,sh_wei,v_wei,w_wei
0.23750972762645914,0.07865758754863814,0.31724708171206223,0.06893482490272375,0.05077334630350195,0.035956225680933845,0.16469941634241242
