dia,hei,len,s_wei,sh_wei,v_wei,w_wei
0.37123263888888886,0.12296440972222222,0.48165364583333337,0.2387999131944444,0.15893315972222222,0.11647135416666668,0.5398272569444444
