dia,hei,len,s_wei,sh_wei,v_wei,w_wei
0.49031094527363184,0.17772388059701494,0.6250373134328358,0.614023631840796,0.42065920398009954,0.3076853233830846,1.46547263681592
