dia,hei,len,s_wei,sh_wei,v_wei,w_wei
0.46933691756272405,0.16093787335722817,0.5967951015531661,0.4768882915173237,0.3118563321385902,0.24140382317801673,1.0939910394265233
