dia,hei,len,s_wei,sh_wei,v_wei,w_wei
0.32088235294117645,0.18705882352941178,0.4173529411764706,0.16576470588235295,0.11438235294117648,0.09185294117647058,0.3858823529411765
